Datetime,Water Level (m)
2025-12-10 06:00:00,-0.7448393
2025-12-10 07:00:00,-0.76296675
2025-12-10 08:00:00,-0.50786865
2025-12-10 09:00:00,-0.2256332
2025-12-10 10:00:00,0.066914916
2025-12-10 11:00:00,0.34241527
2025-12-10 12:00:00,0.43468598
2025-12-10 13:00:00,0.26286235
2025-12-10 14:00:00,0.03733256
2025-12-10 15:00:00,-0.19126815
2025-12-10 16:00:00,-0.41268304
2025-12-10 17:00:00,-0.61687684
2025-12-10 18:00:00,-0.7742715
2025-12-10 19:00:00,-0.7214412
2025-12-10 20:00:00,-0.43848747
2025-12-10 21:00:00,-0.10629036
2025-12-10 22:00:00,0.26142123
2025-12-10 23:00:00,0.57145673
2025-12-11 00:00:00,0.66231644
2025-12-11 01:00:00,0.47817504
2025-12-11 02:00:00,0.23307057
2025-12-11 03:00:00,-0.011579883
2025-12-11 04:00:00,-0.2522443
2025-12-11 05:00:00,-0.48041436
2025-12-11 06:00:00,-0.681611
2025-12-11 07:00:00,-0.82823634
2025-12-11 08:00:00,-0.7759877
2025-12-11 09:00:00,-0.52653384
2025-12-11 10:00:00,-0.2359595
2025-12-11 11:00:00,0.06145647
2025-12-11 12:00:00,0.32858303
2025-12-11 13:00:00,0.4061958
2025-12-11 14:00:00,0.23660013
2025-12-11 15:00:00,0.020596446
2025-12-11 16:00:00,-0.19505745
2025-12-11 17:00:00,-0.39848003
2025-12-11 18:00:00,-0.57487553
2025-12-11 19:00:00,-0.6825898
2025-12-11 20:00:00,-0.5602638
2025-12-11 21:00:00,-0.31091484
2025-12-11 22:00:00,-0.023303842
2025-12-11 23:00:00,0.27904433
2025-12-12 00:00:00,0.51374227
2025-12-12 01:00:00,0.5358097
2025-12-12 02:00:00,0.34350178
2025-12-12 03:00:00,0.12570004
2025-12-12 04:00:00,-0.0938944
2025-12-12 05:00:00,-0.31321508
2025-12-12 06:00:00,-0.5199899
2025-12-12 07:00:00,-0.69926697
2025-12-12 08:00:00,-0.8087306
2025-12-12 09:00:00,-0.7046382
2025-12-12 10:00:00,-0.46777144
2025-12-12 11:00:00,-0.18770294
2025-12-12 12:00:00,0.090159714
2025-12-12 13:00:00,0.33388665
2025-12-12 14:00:00,0.4095936
2025-12-12 15:00:00,0.26258624
2025-12-12 16:00:00,0.05963738
2025-12-12 17:00:00,-0.14454116
2025-12-12 18:00:00,-0.3360416
2025-12-12 19:00:00,-0.5003478
2025-12-12 20:00:00,-0.5962374
2025-12-12 21:00:00,-0.50412446
2025-12-12 22:00:00,-0.28473064
2025-12-12 23:00:00,-0.032805484
2025-12-13 00:00:00,0.22185935
2025-12-13 01:00:00,0.40004164
2025-12-13 02:00:00,0.40732986
2025-12-13 03:00:00,0.23245454
2025-12-13 04:00:00,0.03751506
2025-12-13 05:00:00,-0.16635586
2025-12-13 06:00:00,-0.36623275
2025-12-13 07:00:00,-0.5531258
2025-12-13 08:00:00,-0.7135887
2025-12-13 09:00:00,-0.7983782
2025-12-13 10:00:00,-0.66970044
2025-12-13 11:00:00,-0.4351622
2025-12-13 12:00:00,-0.1578228
2025-12-13 13:00:00,0.11811617
2025-12-13 14:00:00,0.35716638
2025-12-13 15:00:00,0.4417141
2025-12-13 16:00:00,0.30376914
2025-12-13 17:00:00,0.10029975
2025-12-13 18:00:00,-0.09873502
2025-12-13 19:00:00,-0.28771332
2025-12-13 20:00:00,-0.4512803
2025-12-13 21:00:00,-0.5573206
2025-12-13 22:00:00,-0.5163941
2025-12-13 23:00:00,-0.3206175
2025-12-14 00:00:00,-0.09810065
2025-12-14 01:00:00,0.12477246
2025-12-14 02:00:00,0.294187
2025-12-14 03:00:00,0.32718295
2025-12-14 04:00:00,0.1867213
2025-12-14 05:00:00,0.0029714508
2025-12-14 06:00:00,-0.1934988
2025-12-14 07:00:00,-0.38951644
2025-12-14 08:00:00,-0.57392275
2025-12-14 09:00:00,-0.7341713
2025-12-14 10:00:00,-0.81708
2025-12-14 11:00:00,-0.67922837
2025-12-14 12:00:00,-0.43404043
2025-12-14 13:00:00,-0.1442843
2025-12-14 14:00:00,0.14926249
2025-12-14 15:00:00,0.39282292
2025-12-14 16:00:00,0.47598693
2025-12-14 17:00:00,0.34254697
2025-12-14 18:00:00,0.14116554
2025-12-14 19:00:00,-0.05533319
2025-12-14 20:00:00,-0.24752004
2025-12-14 21:00:00,-0.421042
2025-12-14 22:00:00,-0.55075294
2025-12-14 23:00:00,-0.57242954
2025-12-15 00:00:00,-0.39613307
2025-12-15 01:00:00,-0.18033853
2025-12-15 02:00:00,0.04443236
2025-12-15 03:00:00,0.2324891
2025-12-15 04:00:00,0.3055389
2025-12-15 05:00:00,0.18972833
2025-12-15 06:00:00,-0.0022751328
2025-12-15 07:00:00,-0.20661111
2025-12-15 08:00:00,-0.410524
2025-12-15 09:00:00,-0.6030348
2025-12-15 10:00:00,-0.7682969
2025-12-15 11:00:00,-0.83771527
2025-12-15 12:00:00,-0.6540471
2025-12-15 13:00:00,-0.39260808
2025-12-15 14:00:00,-0.08440657
2025-12-15 15:00:00,0.2266403
2025-12-15 16:00:00,0.45913288
2025-12-15 17:00:00,0.5214317
2025-12-15 18:00:00,0.36572573
2025-12-15 19:00:00,0.16921857
2025-12-15 20:00:00,-0.037331607
2025-12-15 21:00:00,-0.24531652
2025-12-15 22:00:00,-0.43675607
2025-12-15 23:00:00,-0.58954066
2025-12-16 00:00:00,-0.64043194
2025-12-16 01:00:00,-0.45909998
2025-12-16 02:00:00,-0.22353299
2025-12-16 03:00:00,0.018050607
2025-12-16 04:00:00,0.23010828
2025-12-16 05:00:00,0.30045015
2025-12-16 06:00:00,0.15487449
